{
  "state_mean": [
    444525940.71995217,
    1.5704292380255804,
    3.1125554327139398,
    496113086.66937554,
    -675748.2815796366,
    2175002571.174605,
    0.495
  ],
  "state_std": [
    628259726.2014238,
    0.09060117607101041,
    1.8099290854573973,
    1568190366.9788413,
    127357348.71091262,
    476933335.5076775,
    0.2886607104771841
  ],
  "force_mean": [
    -523377264348.12445,
    -1286079.640804222,
    -0.2810482065443353
  ],
  "force_std": [
    998153704339.2262,
    3467246461.6302066,
    0.44014673858809333
  ]
}